entidad,tipo,trafico_actual,trafico_anterior,pct_cambio,paginas_actual,paginas_anterior
Botafogo,entidad,831.0,10224.0,-91.87206572769954,2.0,13.0
nuevo refuerzo,tema,280.0,3280.0,-91.46341463414635,3.0,8.0
UTC,entidad,1034.0,9615.0,-89.24596983879356,5.0,14.0
Copa Federación,entidad,806.0,7422.0,-89.14039342495285,2.0,3.0
Christian Cueva,entidad,252.0,1782.0,-85.85858585858585,3.0,10.0
Corinthians,entidad,136.0,782.0,-82.6086956521739,2.0,6.0
Kevin Quevedo,entidad,405.0,2149.0,-81.15402512796649,4.0,3.0
Santiago Ormeño,entidad,212.0,891.0,-76.20650953984287,2.0,4.0
Bayern Múnich,entidad,511.0,2011.0,-74.58975634012928,2.0,8.0
Federico Girotti,entidad,209.0,803.0,-73.97260273972603,2.0,2.0
vs alianza,tema,1061.0,3972.0,-73.28801611278952,3.0,11.0
liga cómo se jugarán,tema,2373.0,8453.0,-71.92712646397729,2.0,6.0
Italia,entidad,601.0,2085.0,-71.17505995203837,4.0,2.0
fase de grupos,tema,3255.0,11196.0,-70.92711682743837,3.0,15.0
Jesús Pretell,entidad,225.0,728.0,-69.0934065934066,3.0,6.0
Libertad,entidad,612.0,1939.0,-68.43733883445074,2.0,3.0
vinl f,tema,292.0,923.0,-68.36403033586132,2.0,3.0
Erick Noriega,entidad,351.0,1100.0,-68.0909090909091,5.0,5.0
FC,entidad,382.0,1193.0,-67.97988264878458,2.0,2.0
Portugal,entidad,456.0,1346.0,-66.1218424962853,4.0,3.0
Torneo Clausura de la Liga,entidad,1305.0,3810.0,-65.74803149606299,4.0,7.0
Alianza Atlético,entidad,2259.0,6418.0,-64.80211904019944,6.0,8.0
femenina resultados y tabla,tema,2687.0,7598.0,-64.63543037641485,3.0,5.0
Europa,entidad,656.0,1852.0,-64.57883369330453,3.0,4.0
clausura de la liga,tema,2411.0,6732.0,-64.18597742127155,5.0,11.0
Deportivo Lute,entidad,415.0,1145.0,-63.75545851528384,2.0,2.0
beto da,tema,390.0,1060.0,-63.20754716981132,3.0,2.0
Horacio Melgarejo,entidad,911.0,2401.0,-62.057476051645146,5.0,5.0
Unión Comercio,entidad,1099.0,2884.0,-61.89320388349515,3.0,5.0
Mainz,entidad,239.0,618.0,-61.32686084142395,3.0,4.0
Atlético Grau,entidad,977.0,2520.0,-61.23015873015873,3.0,5.0
Sport Boys,entidad,7952.0,20416.0,-61.05015673981191,18.0,40.0
senda del triunfo,tema,745.0,1877.0,-60.309003729355354,3.0,5.0
Miguel Grau,entidad,455.0,1134.0,-59.876543209876544,2.0,2.0
Conmebol,entidad,1150.0,2789.0,-58.76658300466117,2.0,2.0
gran momento,tema,495.0,1194.0,-58.54271356783919,3.0,4.0
Marcos López,entidad,142.0,333.0,-57.35735735735736,3.0,6.0
Sergio Peña,entidad,198.0,455.0,-56.48351648351648,3.0,5.0
Deportivo Llacuabamba,entidad,530.0,1209.0,-56.162117452440036,2.0,6.0
Sport River,entidad,605.0,1369.0,-55.80715850986121,3.0,3.0
liga resultados y tabla,tema,4129.0,9258.0,-55.40073449989198,3.0,7.0
Pablo Guede,entidad,1772.0,3891.0,-54.459007967103574,7.0,6.0
Bad Boys,entidad,1792.0,3924.0,-54.33231396534149,4.0,3.0
triunfo en la liga,tema,1030.0,2240.0,-54.017857142857146,3.0,7.0
Deportivo Moquegua,entidad,1473.0,3052.0,-51.73656618610747,4.0,7.0
Renato Espinosa,entidad,85.0,174.0,-51.14942528735632,2.0,2.0
partidos de la fecha,tema,4707.0,9591.0,-50.92274006881451,5.0,8.0
Melgar,entidad,1550.0,3128.0,-50.447570332480815,5.0,13.0
Copenhague,entidad,142.0,274.0,-48.175182481751825,3.0,5.0
Bella Esperanza,entidad,1201.0,2288.0,-47.50874125874126,3.0,2.0
Gremio,entidad,205.0,385.0,-46.753246753246756,3.0,4.0
André Carrillo,entidad,347.0,646.0,-46.28482972136223,3.0,6.0
femenina cómo se jugarán,tema,851.0,1525.0,-44.19672131147541,2.0,3.0
Orlando City,entidad,151.0,269.0,-43.86617100371747,4.0,6.0
Comisión Disciplinaria,entidad,3703.0,6321.0,-41.41749723145072,4.0,7.0
Liga Femenina Resultados,entidad,4497.0,7598.0,-40.81337193998421,4.0,5.0
Resultados,entidad,12801.0,20910.0,-38.78048780487805,6.0,11.0
Fase Regional,entidad,4792.0,7786.0,-38.45363472900077,8.0,7.0
antes de enfrentar,tema,507.0,819.0,-38.095238095238095,2.0,2.0
tabla de posiciones,tema,16349.0,26369.0,-37.99916568698092,12.0,20.0
resultados y tabla,tema,16349.0,26369.0,-37.99916568698092,12.0,20.0
cuartos de final,tema,7931.0,12513.0,-36.61791736593942,10.0,15.0
final vuelta,tema,710.0,1056.0,-32.765151515151516,2.0,4.0
contundente mensaje,tema,676.0,1005.0,-32.7363184079602,5.0,3.0
nueva derrota,tema,103.0,149.0,-30.87248322147651,2.0,2.0
jugarse la fecha,tema,8141.0,11765.0,-30.80322991925202,3.0,4.0
fecha del torneo,tema,26247.0,37721.0,-30.418069510352325,28.0,38.0
Torneo Clausura,entidad,43262.0,61586.0,-29.75351540934628,62.0,80.0
Domingo Dianderas,entidad,6380.0,9070.0,-29.658213891951487,7.0,9.0
Ayacucho FC,entidad,1554.0,2146.0,-27.586206896551722,2.0,5.0
Héctor Cúper,entidad,2791.0,3733.0,-25.234395928207874,9.0,10.0
jugarán los partidos,tema,8330.0,11141.0,-25.23112826496724,9.0,11.0
Sporting Cristal,entidad,15556.0,20470.0,-24.005862237420615,20.0,41.0
Argentina,entidad,1489.0,1953.0,-23.75832053251408,2.0,3.0
Bundesliga,entidad,239.0,307.0,-22.149837133550488,3.0,3.0
Comerciantes FC,entidad,1030.0,1311.0,-21.43401983218917,2.0,5.0
Championship,entidad,174.0,217.0,-19.81566820276498,3.0,3.0
Callao,entidad,1106.0,1378.0,-19.738751814223512,2.0,3.0
Fase Regional de la Liga,entidad,1221.0,1482.0,-17.611336032388664,3.0,3.0
Deportivo Garcilaso,entidad,4876.0,5917.0,-17.59337502112557,15.0,11.0
Grupo,entidad,2088.0,2528.0,-17.40506329113924,4.0,5.0
Copa de la Liga,entidad,7332.0,8652.0,-15.256588072122053,4.0,7.0
Liga Departamental de Piura,entidad,1714.0,1969.0,-12.950736414423565,2.0,3.0
Cienciano,entidad,19730.0,22609.0,-12.733867044097483,28.0,29.0
Felipe Chávez,entidad,2251.0,2577.0,-12.650368645712069,6.0,12.0
Copa,entidad,50927.0,57349.0,-11.198102843990306,54.0,85.0
cima del torneo,tema,1680.0,1865.0,-9.919571045576408,3.0,4.0
Deportivo Cali,entidad,276.0,305.0,-9.508196721311476,3.0,5.0
Dinamo Zagreb,entidad,184.0,200.0,-8.0,3.0,4.0
mete en la pelea,tema,1244.0,1343.0,-7.371556217423678,4.0,5.0
fase de la liga,tema,1763.0,1894.0,-6.916578669482576,3.0,5.0
Universitario,entidad,21009.0,22299.0,-5.78501278084219,50.0,59.0
tabla acumulada,tema,12268.0,12870.0,-4.677544677544677,4.0,5.0
Juan Pablo II,entidad,3678.0,3781.0,-2.7241470510446972,10.0,10.0
Rodina Moscú,entidad,199.0,203.0,-1.9704433497536946,4.0,4.0
Yordy Reyna,entidad,199.0,203.0,-1.9704433497536946,4.0,4.0
previa del partido,tema,4375.0,4387.0,-0.2735354456348302,5.0,5.0
Joao Grimaldo,entidad,357.0,354.0,0.847457627118644,3.0,3.0
Gianluca Lapadula,entidad,1096.0,1080.0,1.4814814814814814,4.0,5.0
suma dos,tema,3141.0,3087.0,1.749271137026239,2.0,3.0
Progreso,entidad,276.0,269.0,2.6022304832713754,4.0,3.0
fecha hora,tema,3064.0,2973.0,3.0608812647157753,5.0,10.0
Deportivo Binacional,entidad,1423.0,1376.0,3.4156976744186047,2.0,5.0
Ricardo Gareca,entidad,12714.0,12287.0,3.4752177097745585,3.0,3.0
Jean Ferrari,entidad,1131.0,1079.0,4.819277108433735,3.0,3.0
Clausura,entidad,2476.0,2344.0,5.631399317406143,5.0,4.0
Burnley,entidad,354.0,333.0,6.306306306306307,5.0,4.0
Oliver Sonne,entidad,354.0,333.0,6.306306306306307,5.0,4.0
nuevos refuerzos,tema,3220.0,2963.0,8.673641579480256,2.0,3.0
MLS,entidad,94.0,86.0,9.30232558139535,2.0,2.0
Alianza Lima,entidad,45239.0,40872.0,10.684576238011353,88.0,83.0
Copa Libertadores,entidad,1335.0,1203.0,10.972568578553616,4.0,7.0
final de la liga,tema,7546.0,6781.0,11.281521899424863,5.0,8.0
Fabio Gruber,entidad,782.0,700.0,11.714285714285714,4.0,5.0
Cusco FC,entidad,1617.0,1434.0,12.761506276150628,5.0,4.0
semifinales de la copa,tema,3590.0,3132.0,14.62324393358876,4.0,5.0
Chankas,entidad,2573.0,2235.0,15.12304250559284,7.0,7.0
refuerzos para la etapa,tema,899.0,760.0,18.289473684210527,2.0,3.0
Saravia,entidad,322.0,269.0,19.702602230483272,5.0,3.0
final de la copa,tema,10017.0,8309.0,20.55602358887953,8.0,9.0
Pedro Gallese,entidad,485.0,390.0,24.358974358974358,5.0,6.0
Liga Resultados,entidad,12326.0,9905.0,24.442200908632003,9.0,9.0
Lima,entidad,621.0,489.0,26.993865030674847,3.0,3.0
Liga,entidad,58308.0,45677.0,27.652866869540468,77.0,87.0
ADT,entidad,3822.0,2937.0,30.13278855975485,7.0,5.0
Copa Sudamericana,entidad,11108.0,8436.0,31.673779042200096,16.0,12.0
Juan Aurich,entidad,2064.0,1556.0,32.64781491002571,4.0,2.0
Chile,entidad,5543.0,4169.0,32.957543775485725,6.0,2.0
fútbol macho,tema,12435.0,9135.0,36.1247947454844,2.0,3.0
Sport Huancayo,entidad,5003.0,3675.0,36.136054421768705,9.0,12.0
cienciano vs,tema,4987.0,3604.0,38.37402885682575,5.0,3.0
Atlético Torino,entidad,4215.0,3006.0,40.21956087824351,8.0,5.0
FC Cajamarca,entidad,3659.0,2591.0,41.21960632960247,4.0,7.0
Regatas Lima,entidad,3217.0,2244.0,43.36007130124777,2.0,2.0
Sport Áncash,entidad,1169.0,800.0,46.125,4.0,2.0
posiciones de la fecha,tema,27976.0,18416.0,51.911381407471765,22.0,15.0
LDU de Quito,entidad,391.0,254.0,53.93700787401575,3.0,2.0
fecha de la liga,tema,4094.0,2505.0,63.43313373253493,4.0,5.0
Renato Tapia,entidad,1182.0,723.0,63.48547717842324,7.0,4.0
Brasileirao,entidad,689.0,415.0,66.02409638554217,6.0,5.0
Paolo Guerrero,entidad,1651.0,984.0,67.78455284552845,6.0,4.0
OFK Beograd,entidad,198.0,118.0,67.79661016949153,3.0,2.0
copa perú el campeón,tema,510.0,300.0,70.0,2.0,2.0
vs comerciantes,tema,534.0,294.0,81.63265306122449,2.0,2.0
Unión Minas,entidad,4769.0,2621.0,81.95345288057993,7.0,6.0
horarios del fútbol,tema,3154.0,1659.0,90.11452682338758,21.0,16.0
Liga Unión Minas,entidad,1560.0,812.0,92.11822660098522,2.0,2.0
pelea por el torneo,tema,1775.0,919.0,93.14472252448313,5.0,2.0
Universitario de Deportes,entidad,8772.0,4445.0,97.34533183352082,23.0,7.0
unión santo,tema,2611.0,1314.0,98.7062404870624,3.0,2.0
Bicolor,entidad,3279.0,1603.0,104.55396132252028,11.0,3.0
Matteo Pérez Vinlof,entidad,184.0,87.0,111.49425287356321,3.0,2.0
Alejandro Duarte,entidad,1666.0,786.0,111.95928753180661,6.0,2.0
amistoso internacional,tema,988.0,452.0,118.58407079646018,3.0,2.0
Atlético Andahuaylas,entidad,1035.0,463.0,123.54211663066954,2.0,4.0
Etapa Nacional,entidad,30199.0,12999.0,132.31787060543118,35.0,32.0
nuevo entrenador,tema,2324.0,988.0,135.22267206477733,4.0,4.0
Carlos Mannucci,entidad,3681.0,1537.0,139.4925178919974,6.0,9.0
André Carrillo y Jesús Pretell,entidad,494.0,205.0,140.97560975609755,2.0,2.0
Etapa Nacional de la Copa,entidad,14036.0,5786.0,142.58555133079847,25.0,10.0
Estados Unidos,entidad,4687.0,1900.0,146.68421052631578,18.0,3.0
nuevo equipo,tema,2064.0,819.0,152.01465201465203,2.0,4.0
liga así se jugarán,tema,2994.0,1163.0,157.43766122098023,3.0,2.0
Pirata FC,entidad,1168.0,440.0,165.45454545454547,2.0,2.0
Alianza Universidad,entidad,3251.0,1174.0,176.91652470187393,5.0,3.0
Comerciantes Unidos,entidad,4321.0,1551.0,178.59445519019988,8.0,4.0
Wasl,entidad,355.0,125.0,184.0,4.0,2.0
FC Killas,entidad,437.0,146.0,199.31506849315068,2.0,2.0
Wilder Cartagena,entidad,1009.0,317.0,218.29652996845425,7.0,7.0
Santos FC,entidad,1807.0,553.0,226.7631103074141,5.0,2.0
dos jugadores,tema,2495.0,747.0,234.00267737617136,2.0,2.0
Adrián Ugarriza,entidad,1255.0,375.0,234.66666666666666,7.0,6.0
lima vs,tema,5530.0,1639.0,237.40085417937766,14.0,3.0
Carlos Desio,entidad,891.0,263.0,238.7832699619772,2.0,2.0
primera victoria,tema,1179.0,339.0,247.78761061946904,2.0,3.0
Bassco Soyer,entidad,993.0,273.0,263.7362637362637,4.0,2.0
Selección Peruana,entidad,19852.0,5224.0,280.0153139356815,54.0,20.0
vs universitario,tema,4089.0,1035.0,295.07246376811594,11.0,2.0
programación de la fecha,tema,5306.0,1314.0,303.80517503805174,4.0,2.0
UNSAAC,entidad,710.0,150.0,373.3333333333333,2.0,2.0
ADT de Tarma,entidad,6416.0,1336.0,380.23952095808386,4.0,4.0
Ignacio Buse,entidad,3729.0,756.0,393.25396825396825,6.0,2.0
Selección Peruana Sub,entidad,2237.0,399.0,460.6516290726817,2.0,3.0
Mano Menezes,entidad,6348.0,997.0,536.7101303911735,16.0,7.0
resultados y tablas,tema,14897.0,2026.0,635.2912142152023,11.0,4.0
segunda división,tema,5284.0,570.0,827.0175438596491,8.0,2.0
dio el triunfo,tema,5699.0,508.0,1021.8503937007874,2.0,2.0
liga resultados y tablas,tema,8197.0,647.0,1166.9242658423493,6.0,2.0
Paraguay,entidad,7016.0,307.0,2185.342019543974,4.0,2.0
tablas de posiciones,tema,14897.0,647.0,2202.4729520865535,11.0,2.0
primera división,tema,5221.0,193.0,2605.181347150259,8.0,3.0
